<?xml version="1.0" encoding="UTF-8"?>
<gmd:MD_Metadata xmlns:gco="http://www.isotc211.org/2005/gco" xmlns:gts="http://www.isotc211.org/2005/gts" xmlns:xsi="http://www.w3.org/2001/XMLSchema-instance" xmlns:gml="http://www.opengis.net/gml" xmlns:gmd="http://www.isotc211.org/2005/gmd">
	<gmd:fileIdentifier>
		<gco:CharacterString>d14414d0-a356-4843-8bbb-ebcbb6630017</gco:CharacterString>
	</gmd:fileIdentifier>
	<gmd:language>
		<gco:CharacterString>eng</gco:CharacterString>
	</gmd:language>
	<gmd:characterSet>
		<gmd:MD_CharacterSetCode codeListValue="utf8" codeList="http://standards.iso.org/ittf/PubliclyAvailableStandards/ISO_19139_Schemas/resources/codelist/ML_gmxCodelists.xml#MD_CharacterSetCode"/>
	</gmd:characterSet>
	<gmd:hierarchyLevel>
		<gmd:MD_ScopeCode codeList="http://standards.iso.org/ittf/PubliclyAvailableStandards/ISO_19139_Schemas/resources/codelist/ML_gmxCodelists.xml#MD_ScopeCode" codeListValue="dataset"/>
	</gmd:hierarchyLevel>
	<gmd:contact>
		<gmd:CI_ResponsibleParty>
			<gmd:individualName>
				<gco:CharacterString>Mr. Sameer Bajracharya</gco:CharacterString>
			</gmd:individualName>
			<gmd:organisationName>
				<gco:CharacterString>ICIMOD</gco:CharacterString>
			</gmd:organisationName>
			<gmd:positionName>
				<gco:CharacterString>Research Associate GIS</gco:CharacterString>
			</gmd:positionName>
			<gmd:contactInfo>
				<gmd:CI_Contact>
					<gmd:phone>
						<gmd:CI_Telephone>
							<gmd:voice>
								<gco:CharacterString>977-1-5003222</gco:CharacterString>
							</gmd:voice>
							<gmd:facsimile>
								<gco:CharacterString>977-1-5003299</gco:CharacterString>
							</gmd:facsimile>
						</gmd:CI_Telephone>
					</gmd:phone>
					<gmd:address>
						<gmd:CI_Address>
							<gmd:deliveryPoint>
								<gco:CharacterString>Khumaltar</gco:CharacterString>
							</gmd:deliveryPoint>
							<gmd:city>
								<gco:CharacterString>Kathmandu</gco:CharacterString>
							</gmd:city>
							<gmd:administrativeArea>
								<gco:CharacterString>Khumaltar, Lalitpur</gco:CharacterString>
							</gmd:administrativeArea>
							<gmd:postalCode>
								<gco:CharacterString>3226</gco:CharacterString>
							</gmd:postalCode>
							<gmd:country>
								<gco:CharacterString>Nepal</gco:CharacterString>
							</gmd:country>
							<gmd:electronicMailAddress>
								<gco:CharacterString>Sameer.Bajracharya@icimod.org</gco:CharacterString>
							</gmd:electronicMailAddress>
						</gmd:CI_Address>
					</gmd:address>
				</gmd:CI_Contact>
			</gmd:contactInfo>
			<gmd:role>
				<gmd:CI_RoleCode codeListValue="author" codeList="http://standards.iso.org/ittf/PubliclyAvailableStandards/ISO_19139_Schemas/resources/codelist/ML_gmxCodelists.xml#CI_RoleCode"/>
			</gmd:role>
		</gmd:CI_ResponsibleParty>
	</gmd:contact>
	<gmd:dateStamp>
		<gco:DateTime>2014-11-07T15:34:05</gco:DateTime>
	</gmd:dateStamp>
	<gmd:metadataStandardName>
		<gco:CharacterString xmlns:srv="http://www.isotc211.org/2005/srv">ISO 19115:2003/19139</gco:CharacterString>
	</gmd:metadataStandardName>
	<gmd:spatialRepresentationInfo>
		<gmd:MD_VectorSpatialRepresentation/>
	</gmd:spatialRepresentationInfo>
	<gmd:referenceSystemInfo>
		<gmd:MD_ReferenceSystem>
			<gmd:referenceSystemIdentifier>
				<gmd:RS_Identifier>
					<gmd:code>
						<gco:CharacterString>WGS 1984</gco:CharacterString>
					</gmd:code>
				</gmd:RS_Identifier>
			</gmd:referenceSystemIdentifier>
		</gmd:MD_ReferenceSystem>
	</gmd:referenceSystemInfo>
	<gmd:identificationInfo>
		<gmd:MD_DataIdentification>
			<gmd:citation>
				<gmd:CI_Citation>
					<gmd:title>
						<gco:CharacterString>Land cover of Nepal 2010</gco:CharacterString>
					</gmd:title>
					<gmd:date>
						<gmd:CI_Date>
							<gmd:date>
								<gco:Date>2013-04-12</gco:Date>
							</gmd:date>
							<gmd:dateType>
								<gmd:CI_DateTypeCode codeList="http://standards.iso.org/ittf/PubliclyAvailableStandards/ISO_19139_Schemas/resources/codelist/ML_gmxCodelists.xml#CI_DateTypeCode" codeListValue="publication"/>
							</gmd:dateType>
						</gmd:CI_Date>
					</gmd:date>
					<gmd:citedResponsibleParty>
						<gmd:CI_ResponsibleParty>
							<gmd:individualName>
								<gco:CharacterString>Mr. Kabir Uddin</gco:CharacterString>
							</gmd:individualName>
							<gmd:organisationName>
								<gco:CharacterString>ICIMOD</gco:CharacterString>
							</gmd:organisationName>
							<gmd:positionName>
								<gco:CharacterString>GIS and Remote Sensing Analyst</gco:CharacterString>
							</gmd:positionName>
							<gmd:contactInfo>
								<gmd:CI_Contact>
									<gmd:phone>
										<gmd:CI_Telephone>
											<gmd:voice>
												<gco:CharacterString>977-1-5003222</gco:CharacterString>
											</gmd:voice>
											<gmd:facsimile>
												<gco:CharacterString>977-1-5003299</gco:CharacterString>
											</gmd:facsimile>
										</gmd:CI_Telephone>
									</gmd:phone>
									<gmd:address>
										<gmd:CI_Address>
											<gmd:deliveryPoint>
												<gco:CharacterString>Khumaltar</gco:CharacterString>
											</gmd:deliveryPoint>
											<gmd:city>
												<gco:CharacterString>Kathmandu</gco:CharacterString>
											</gmd:city>
											<gmd:administrativeArea>
												<gco:CharacterString>Khumaltar, Lalitpur</gco:CharacterString>
											</gmd:administrativeArea>
											<gmd:postalCode>
												<gco:CharacterString>3226</gco:CharacterString>
											</gmd:postalCode>
											<gmd:country>
												<gco:CharacterString>Nepal</gco:CharacterString>
											</gmd:country>
											<gmd:electronicMailAddress>
												<gco:CharacterString>Kabir.Uddin@icimod.org</gco:CharacterString>
											</gmd:electronicMailAddress>
										</gmd:CI_Address>
									</gmd:address>
								</gmd:CI_Contact>
							</gmd:contactInfo>
							<gmd:role>
								<gmd:CI_RoleCode codeList="http://standards.iso.org/ittf/PubliclyAvailableStandards/ISO_19139_Schemas/resources/codelist/ML_gmxCodelists.xml#CI_RoleCode" codeListValue="author"/>
							</gmd:role>
						</gmd:CI_ResponsibleParty>
					</gmd:citedResponsibleParty>
				</gmd:CI_Citation>
			</gmd:citation>
			<gmd:abstract>
				<gco:CharacterString>Land cover and its change analysis across the Hindu Kush Himalayan (HKH) region is realized as an urgent need to support diverse issues of environmental conservation. This study presents the first and most complete national land cover database of Nepal prepared using public domain Landsat TM data of 2010 and replicable methodology. The study estimated that 39.1% of Nepal is covered by forests and 29.83% by agriculture. Patch and edge forests constituting 23.4% of national forest cover revealed proximate biotic interferences over the forests. Core forests constituted 79.3% of forests of Protected areas where as 63% of area was under core forests in the outside protected area. Physiographic regions wise forest fragmentation analysis revealed specific conservation requirements for productive hill and mid mountain regions. Comparative analysis with Landsat TM based global land cover product showed difference of the order of 30-60% among different land cover classes stressing the need for significant improvements for national level adoption. The online web based land cover validation tool is developed for continual improvement of land cover product. The potential use of the data set for national and regional level sustainable land use planning strategies and meeting several global commitments also highlighted.</gco:CharacterString>
			</gmd:abstract>
			<gmd:purpose>
				<gco:CharacterString>Development of baseline information for environmental management.</gco:CharacterString>
			</gmd:purpose>
			<gmd:status>
				<gmd:MD_ProgressCode codeList="http://standards.iso.org/ittf/PubliclyAvailableStandards/ISO_19139_Schemas/resources/codelist/ML_gmxCodelists.xml#MD_ProgressCode" codeListValue="completed"/>
			</gmd:status>
			<gmd:resourceMaintenance>
				<gmd:MD_MaintenanceInformation>
					<gmd:maintenanceAndUpdateFrequency>
						<gmd:MD_MaintenanceFrequencyCode codeList="http://standards.iso.org/ittf/PubliclyAvailableStandards/ISO_19139_Schemas/resources/codelist/ML_gmxCodelists.xml#MD_MaintenanceFrequencyCode" codeListValue="notPlanned"/>
					</gmd:maintenanceAndUpdateFrequency>
					<gmd:dateOfNextUpdate>
						<gco:Date/>
					</gmd:dateOfNextUpdate>
					<gmd:userDefinedMaintenanceFrequency>
						<gts:TM_PeriodDuration>P0Y0M0DT0H0M0S</gts:TM_PeriodDuration>
					</gmd:userDefinedMaintenanceFrequency>
				</gmd:MD_MaintenanceInformation>
			</gmd:resourceMaintenance>
			<gmd:graphicOverview xmlns:srv="http://www.isotc211.org/2005/srv">
				<gmd:MD_BrowseGraphic>
					<gmd:fileName>
						<gco:CharacterString>landcovernepal_s.png</gco:CharacterString>
					</gmd:fileName>
					<gmd:fileDescription>
						<gco:CharacterString>thumbnail</gco:CharacterString>
					</gmd:fileDescription>
					<gmd:fileType>
						<gco:CharacterString>png</gco:CharacterString>
					</gmd:fileType>
				</gmd:MD_BrowseGraphic>
			</gmd:graphicOverview>
			<gmd:graphicOverview xmlns:srv="http://www.isotc211.org/2005/srv">
				<gmd:MD_BrowseGraphic>
					<gmd:fileName>
						<gco:CharacterString>landcovernepal.png</gco:CharacterString>
					</gmd:fileName>
					<gmd:fileDescription>
						<gco:CharacterString>large_thumbnail</gco:CharacterString>
					</gmd:fileDescription>
					<gmd:fileType>
						<gco:CharacterString>png</gco:CharacterString>
					</gmd:fileType>
				</gmd:MD_BrowseGraphic>
			</gmd:graphicOverview>
			<gmd:descriptiveKeywords>
				<gmd:MD_Keywords>
					<gmd:keyword>
						<gco:CharacterString>Land cover</gco:CharacterString>
					</gmd:keyword>
					<gmd:keyword>
						<gco:CharacterString>Land use</gco:CharacterString>
					</gmd:keyword>
					<gmd:type>
						<gmd:MD_KeywordTypeCode codeList="http://standards.iso.org/ittf/PubliclyAvailableStandards/ISO_19139_Schemas/resources/codelist/ML_gmxCodelists.xml#MD_KeywordTypeCode" codeListValue="theme"/>
					</gmd:type>
					<gmd:thesaurusName>
						<gmd:CI_Citation>
							<gmd:title gco:nilReason="missing">
								<gco:CharacterString/>
							</gmd:title>
							<gmd:date>
								<gmd:CI_Date>
									<gmd:date>
										<gco:Date/>
									</gmd:date>
									<gmd:dateType>
										<gmd:CI_DateTypeCode codeList="http://standards.iso.org/ittf/PubliclyAvailableStandards/ISO_19139_Schemas/resources/codelist/ML_gmxCodelists.xml#CI_DateTypeCode" codeListValue=""/>
									</gmd:dateType>
								</gmd:CI_Date>
							</gmd:date>
							<gmd:citedResponsibleParty>
								<gmd:CI_ResponsibleParty>
									<gmd:individualName gco:nilReason="missing">
										<gco:CharacterString/>
									</gmd:individualName>
									<gmd:organisationName gco:nilReason="missing">
										<gco:CharacterString/>
									</gmd:organisationName>
									<gmd:positionName gco:nilReason="missing">
										<gco:CharacterString/>
									</gmd:positionName>
									<gmd:contactInfo>
										<gmd:CI_Contact>
											<gmd:phone>
												<gmd:CI_Telephone>
													<gmd:voice gco:nilReason="missing">
														<gco:CharacterString/>
													</gmd:voice>
													<gmd:facsimile gco:nilReason="missing">
														<gco:CharacterString/>
													</gmd:facsimile>
												</gmd:CI_Telephone>
											</gmd:phone>
											<gmd:address>
												<gmd:CI_Address>
													<gmd:deliveryPoint gco:nilReason="missing">
														<gco:CharacterString/>
													</gmd:deliveryPoint>
													<gmd:city gco:nilReason="missing">
														<gco:CharacterString/>
													</gmd:city>
													<gmd:administrativeArea gco:nilReason="missing">
														<gco:CharacterString/>
													</gmd:administrativeArea>
													<gmd:postalCode gco:nilReason="missing">
														<gco:CharacterString/>
													</gmd:postalCode>
													<gmd:country gco:nilReason="missing">
														<gco:CharacterString/>
													</gmd:country>
													<gmd:electronicMailAddress gco:nilReason="missing">
														<gco:CharacterString/>
													</gmd:electronicMailAddress>
												</gmd:CI_Address>
											</gmd:address>
											<gmd:onlineResource>
												<gmd:CI_OnlineResource>
													<gmd:linkage>
														<gmd:URL/>
													</gmd:linkage>
													<gmd:protocol gco:nilReason="missing">
														<gco:CharacterString/>
													</gmd:protocol>
													<gmd:name gco:nilReason="missing">
														<gco:CharacterString/>
													</gmd:name>
													<gmd:description gco:nilReason="missing">
														<gco:CharacterString/>
													</gmd:description>
												</gmd:CI_OnlineResource>
											</gmd:onlineResource>
										</gmd:CI_Contact>
									</gmd:contactInfo>
									<gmd:role>
										<gmd:CI_RoleCode codeList="http://standards.iso.org/ittf/PubliclyAvailableStandards/ISO_19139_Schemas/resources/codelist/ML_gmxCodelists.xml#CI_RoleCode" codeListValue=""/>
									</gmd:role>
								</gmd:CI_ResponsibleParty>
							</gmd:citedResponsibleParty>
						</gmd:CI_Citation>
					</gmd:thesaurusName>
				</gmd:MD_Keywords>
			</gmd:descriptiveKeywords>
			<gmd:descriptiveKeywords>
				<gmd:MD_Keywords>
					<gmd:keyword>
						<gco:CharacterString>Nepal</gco:CharacterString>
					</gmd:keyword>
					<gmd:type>
						<gmd:MD_KeywordTypeCode codeList="http://standards.iso.org/ittf/PubliclyAvailableStandards/ISO_19139_Schemas/resources/codelist/ML_gmxCodelists.xml#MD_KeywordTypeCode" codeListValue="place"/>
					</gmd:type>
				</gmd:MD_Keywords>
			</gmd:descriptiveKeywords>
			<gmd:resourceConstraints>
				<gmd:MD_LegalConstraints>
					<gmd:useLimitation>
						<gco:CharacterString>The content of this website can be accessed, printed and downloaded in an unaltered form (altered including being stretched, compressed, coloured or altered in any way so as to distort content from its original proportions or format) with copyright acknowledged, on a temporary basis for personal study that is not for a direct or indirect commercial use and any non-commercial use. Any content printed or downloaded may not be sold, licensed, transferred, copied or reproduced in whole or in part in any manner or in or on any media to any person without the prior written consent of the ICIMOD.</gco:CharacterString>
					</gmd:useLimitation>
					<gmd:accessConstraints>
						<gmd:MD_RestrictionCode codeList="http://standards.iso.org/ittf/PubliclyAvailableStandards/ISO_19139_Schemas/resources/codelist/ML_gmxCodelists.xml#MD_RestrictionCode" codeListValue="copyright"/>
					</gmd:accessConstraints>
				</gmd:MD_LegalConstraints>
			</gmd:resourceConstraints>
			<gmd:spatialRepresentationType>
				<gmd:MD_SpatialRepresentationTypeCode codeList="http://standards.iso.org/ittf/PubliclyAvailableStandards/ISO_19139_Schemas/resources/codelist/ML_gmxCodelists.xml#MD_SpatialRepresentationTypeCode" codeListValue=""/>
				<gmd:MD_SatelliteSpatialRepresentation>
					<gmd:ImageID>
						<gco:Integer/>
					</gmd:ImageID>
					<gmd:SatelliteName gco:nilReason="missing">
						<gco:CharacterString/>
					</gmd:SatelliteName>
					<gmd:SatelliteId>
						<gco:Integer/>
					</gmd:SatelliteId>
					<gmd:Sensor gco:nilReason="missing">
						<gco:CharacterString/>
					</gmd:Sensor>
					<gmd:Path>
						<gco:Integer/>
					</gmd:Path>
					<gmd:Row>
						<gco:Integer/>
					</gmd:Row>
					<gmd:Resolution>
						<gco:Integer/>
					</gmd:Resolution>
					<gmd:Location gco:nilReason="missing">
						<gco:CharacterString/>
					</gmd:Location>
					<gmd:AcqDate>
						<gco:DateTime/>
					</gmd:AcqDate>
					<gmd:Bands gco:nilReason="missing">
						<gco:CharacterString/>
					</gmd:Bands>
					<gmd:Columns>
						<gco:Integer/>
					</gmd:Columns>
					<gmd:Rows>
						<gco:Integer/>
					</gmd:Rows>
					<gmd:CloudCover gco:nilReason="missing">
						<gco:CharacterString/>
					</gmd:CloudCover>
					<gmd:PixelSize gco:nilReason="missing">
						<gco:CharacterString/>
					</gmd:PixelSize>
					<gmd:Noise gco:nilReason="missing">
						<gco:CharacterString/>
					</gmd:Noise>
				</gmd:MD_SatelliteSpatialRepresentation>
			</gmd:spatialRepresentationType>
			<gmd:spatialResolution>
				<gmd:MD_Resolution>
					<gmd:distance>
						<gco:Distance uom="m">30</gco:Distance>
					</gmd:distance>
				</gmd:MD_Resolution>
			</gmd:spatialResolution>
			<gmd:language>
				<gco:CharacterString>eng</gco:CharacterString>
			</gmd:language>
			<gmd:characterSet>
				<gmd:MD_CharacterSetCode codeList="http://standards.iso.org/ittf/PubliclyAvailableStandards/ISO_19139_Schemas/resources/codelist/ML_gmxCodelists.xml#MD_CharacterSetCode" codeListValue="utf8"/>
			</gmd:characterSet>
			<gmd:topicCategory>
				<gmd:MD_TopicCategoryCode>environment</gmd:MD_TopicCategoryCode>
			</gmd:topicCategory>
			<gmd:extent>
				<gmd:EX_Extent>
					<gmd:geographicElement>
						<gmd:EX_BoundingPolygon/>
					</gmd:geographicElement>
					<gmd:geographicElement>
						<gmd:EX_GeographicBoundingBox>
							<gmd:westBoundLongitude>
								<gco:Decimal>80.0522</gco:Decimal>
							</gmd:westBoundLongitude>
							<gmd:eastBoundLongitude>
								<gco:Decimal>88.19456</gco:Decimal>
							</gmd:eastBoundLongitude>
							<gmd:southBoundLatitude>
								<gco:Decimal>26.36836</gco:Decimal>
							</gmd:southBoundLatitude>
							<gmd:northBoundLatitude>
								<gco:Decimal>30.42472</gco:Decimal>
							</gmd:northBoundLatitude>
						</gmd:EX_GeographicBoundingBox>
					</gmd:geographicElement>
					<gmd:temporalElement>
						<gmd:EX_TemporalExtent>
							<gmd:extent>
								<gml:TimePeriod gml:id="d27032e520a1052958">
										<gml:begin>
											<gml:TimeInstant gml:id="d27032e524a1052958">
												<gml:timePosition/>
											</gml:TimeInstant>
										</gml:begin>
										<gml:end>
											<gml:TimeInstant gml:id="d27032e532a1052958">
												<gml:timePosition/>
											</gml:TimeInstant>
										</gml:end>
								</gml:TimePeriod>
							</gmd:extent>
						</gmd:EX_TemporalExtent>
					</gmd:temporalElement>
				</gmd:EX_Extent>
			</gmd:extent>
		</gmd:MD_DataIdentification>
	</gmd:identificationInfo>
	<gmd:distributionInfo>
		<gmd:MD_Distribution>
			<gmd:distributor>
				<gmd:MD_Distributor>
					<gmd:distributorContact>
						<gmd:CI_ResponsibleParty>
							<gmd:individualName>
								<gco:CharacterString>Mr. Govinda Joshi</gco:CharacterString>
							</gmd:individualName>
							<gmd:organisationName>
								<gco:CharacterString>MENRIS-ICIMOD</gco:CharacterString>
							</gmd:organisationName>
							<gmd:positionName>
								<gco:CharacterString>Senior GIS Specialist</gco:CharacterString>
							</gmd:positionName>
							<gmd:contactInfo>
								<gmd:CI_Contact>
									<gmd:phone>
										<gmd:CI_Telephone>
											<gmd:voice>
												<gco:CharacterString>977-1-5003222</gco:CharacterString>
											</gmd:voice>
											<gmd:facsimile>
												<gco:CharacterString>977-1-5003299</gco:CharacterString>
											</gmd:facsimile>
										</gmd:CI_Telephone>
									</gmd:phone>
									<gmd:address>
										<gmd:CI_Address>
											<gmd:deliveryPoint>
												<gco:CharacterString>Khumaltar</gco:CharacterString>
											</gmd:deliveryPoint>
											<gmd:city>
												<gco:CharacterString>Kathmandu</gco:CharacterString>
											</gmd:city>
											<gmd:administrativeArea>
												<gco:CharacterString>Khumaltar, Lalitpur</gco:CharacterString>
											</gmd:administrativeArea>
											<gmd:postalCode>
												<gco:CharacterString>3226</gco:CharacterString>
											</gmd:postalCode>
											<gmd:country>
												<gco:CharacterString>Nepal</gco:CharacterString>
											</gmd:country>
											<gmd:electronicMailAddress>
												<gco:CharacterString>metadata@mail.org</gco:CharacterString>
											</gmd:electronicMailAddress>
										</gmd:CI_Address>
									</gmd:address>
								</gmd:CI_Contact>
							</gmd:contactInfo>
							<gmd:role>
								<gmd:CI_RoleCode codeList="http://standards.iso.org/ittf/PubliclyAvailableStandards/ISO_19139_Schemas/resources/codelist/ML_gmxCodelists.xml#CI_RoleCode" codeListValue="distributor"/>
							</gmd:role>
						</gmd:CI_ResponsibleParty>
					</gmd:distributorContact>
				</gmd:MD_Distributor>
			</gmd:distributor>
			<gmd:transferOptions>
				<gmd:MD_DigitalTransferOptions>
					<gmd:onLine>
						<gmd:CI_OnlineResource>
							<gmd:linkage xmlns:srv="http://www.isotc211.org/2005/srv">
								<gmd:URL>http://apps.geoportal.icimod.org/ArcGIS/rest/services/Nepal/Landcover2010/MapServer/0</gmd:URL>
							</gmd:linkage>
							<gmd:protocol>
								<gco:CharacterString>OGC:WMS-1.3.0-http-get-capabilities</gco:CharacterString>
							</gmd:protocol>
							<gmd:name>
								<gco:CharacterString>ArcGIS web services</gco:CharacterString>
							</gmd:name>
							<gmd:description gco:nilReason="missing">
								<gco:CharacterString/>
							</gmd:description>
						</gmd:CI_OnlineResource>
					</gmd:onLine>
				</gmd:MD_DigitalTransferOptions>
				<gmd:MD_DigitalTransferOptions>
					<gmd:onLine>
						<gmd:CI_OnlineResource>
							<gmd:linkage xmlns:srv="http://www.isotc211.org/2005/srv">
								<gmd:URL>http://www.sciencedirect.com/science/article/pii/S0301479714004009</gmd:URL>
							</gmd:linkage>
							<gmd:protocol>
								<gco:CharacterString>WWW:LINK-1.0-http--related</gco:CharacterString>
							</gmd:protocol>
							<gmd:name gco:nilReason="missing">
								<gco:CharacterString/>
							</gmd:name>
							<gmd:description>
								<gco:CharacterString>Reference</gco:CharacterString>
							</gmd:description>
						</gmd:CI_OnlineResource>
					</gmd:onLine>
				</gmd:MD_DigitalTransferOptions>
			</gmd:transferOptions>
		</gmd:MD_Distribution>
	</gmd:distributionInfo>
	<gmd:dataQualityInfo>
		<gmd:DQ_DataQuality>
			<gmd:scope>
				<gmd:DQ_Scope>
					<gmd:level>
						<gmd:MD_ScopeCode codeListValue="dataset" codeList="http://standards.iso.org/ittf/PubliclyAvailableStandards/ISO_19139_Schemas/resources/codelist/ML_gmxCodelists.xml#MD_ScopeCode"/>
					</gmd:level>
				</gmd:DQ_Scope>
			</gmd:scope>
			<gmd:lineage>
				<gmd:LI_Lineage>
					<gmd:statement gco:nilReason="missing">
						<gco:CharacterString/>
					</gmd:statement>
					<gmd:source>
						<gmd:LI_Source>
							<gmd:description gco:nilReason="missing">
								<gco:CharacterString/>
							</gmd:description>
						</gmd:LI_Source>
					</gmd:source>
				</gmd:LI_Lineage>
			</gmd:lineage>
		</gmd:DQ_DataQuality>
	</gmd:dataQualityInfo>
</gmd:MD_Metadata>
